from,to,type
99_SYSTEM/System_Index.md,00_INDEX/Atlas_Index,internal
03_SENTEIGAKU/Senteigaku_Index.md,00_INDEX/Atlas_Index,internal
Philosophia_Prima/超長い文章保存、整理したら削除.md,01_MANIFESTO/Manifesto_Index,internal
Philosophia_Prima/超長い文章保存、整理したら削除.md,02_RENSEIGAKU/Renseigaku_Index,internal
06_PRACTICE/Practice_Index.md,00_INDEX/Atlas_Index,internal
05_TECHNOLOGY/Technology_Index.md,00_INDEX/Atlas_Index,internal
04_HARMONIA_COUNCIL/Spiral_Tag_Index.md,10_TriHexCore/codex/Genesis_Protocol_v3.1,internal
04_HARMONIA_COUNCIL/Spiral_Tag_Index.md,01_Codex/Genesis_Protocol_v3.1,internal
04_HARMONIA_COUNCIL/Spiral_Tag_Index.md,00_INDEX/Atlas_Index,internal
04_HARMONIA_COUNCIL/HarmoniaCouncil_Index.md,00_INDEX/Atlas_Index,internal
01_MANIFESTO/Manifesto_Index.md,00_INDEX/Atlas_Index,internal
02_RENSEIGAKU/Renseigaku_Index.md,00_INDEX/Atlas_Index,internal
07_ARCHIVES/Archives_Index.md,00_INDEX/Atlas_Index,internal
00_INDEX/Atlas_Index.md,01_MANIFESTO/Manifesto_Index,internal
00_INDEX/Atlas_Index.md,02_RENSEIGAKU/Renseigaku_Index,internal
00_INDEX/Atlas_Index.md,03_SENTEIGAKU/Senteigaku_Index,internal
00_INDEX/Atlas_Index.md,04_HARMONIA_COUNCIL/HarmoniaCouncil_Index,internal
00_INDEX/Atlas_Index.md,05_TECHNOLOGY/Technology_Index,internal
00_INDEX/Atlas_Index.md,06_PRACTICE/Practice_Index,internal
00_INDEX/Atlas_Index.md,07_ARCHIVES/Archives_Index,internal
00_INDEX/Atlas_Index.md,99_SYSTEM/System_Index,internal
